Workbook

Sheet Client_Summary
A1: CLIENT PACKAGE COMPLETION & PROBABILITY DASHBOARD
A2: Master Register Overview & Probability of Package Over Date
A4: S.No. | B4: Reg. Date | C4: Client Name | D4: Package Status | E4: Total Duration (Mins/Value) | F4: Consumed (Mins/Value) | G4: % Completed | H4: Prob. Package Over Date
A5: 1 | B5: 09/06/2025 | C5: Mr. Subhajit Guha | D5: OVER | E5: 900 | F5: =Subhajit_Guha!E13 | G5: =F5/E5 | H5: =Subhajit_Guha!H13
A6: 2 | B6: 14/06/2025 | C6: Mr. Subrata Mandal (New Pkg Active) | D6: ACTIVE | E6: 2580 | F6: =Subrata_Mandal!E27 | G6: =F6/E6 | H6: =Subrata_Mandal!H27
A7: 3 | B7: 17/06/2025 | C7: Miss Rituparna Banerjee | D7: OVER | E7: 300 | F7: =Rituparna_Banerjee!E6 | G7: =F7/E7 | H7: =Rituparna_Banerjee!H6
A8: 4 | B8: 20/06/2025 | C8: Mr. Murali Panikar | D8: OVER | E8: 360 | F8: =Murali_Panikar!E9 | G8: =F8/E8 | H8: =Murali_Panikar!H9
A9: 5 | B9: 20/06/2025 | C9: Mr. Supratim Roy | D9: OVER | E9: 480 | F9: =Supratim_Roy!E12 | G9: =F9/E9 | H9: =Supratim_Roy!H12
A10: 6 | B10: 03/07/2025 | C10: Miss Anindita Ghose | D10: NOT STARTED | E10: 300 | F10: =Anindita_Ghose!E5 | G10: =F10/E10 | H10: =Anindita_Ghose!H5
A11: 7 | B11: 14/07/2025 | C11: Mr. Anand Mehta | D11: OVER | E11: 1200 | F11: =Anand_Mehta!E23 | G11: =F11/E11 | H11: =Anand_Mehta!H23
A12: 8 | B12: 18/07/2025 | C12: Mr. Subhabrata | D12: OVER | E12: 600 | F12: =Subhabrata!E5 | G12: =F12/E12 | H12: =Subhabrata!H5
A13: 9 | B13: 20/07/2025 | C13: Mr. Sushanta B. | D13: NOT STARTED | E13: 4800 | F13: =Sushanta!E5 | G13: =F13/E13 | H13: =Sushanta!H5
A14: 10 | B14: 22/07/2025 | C14: Mr. Anand Poddar | D14: OVER | E14: 420 | F14: =Anand_Poddar!E12 | G14: =F14/E14 | H14: =Anand_Poddar!H12
A15: 11 | B15: 23/07/2025 | C15: Mr. Debabrata Dey | D15: OVER | E15: 7000 | F15: =Debabrata_Dey!E8 | G15: =F15/E15 | H15: =Debabrata_Dey!H8
A16: 12 | B16: 07/08/2025 | C16: Madhumita Chatterjee | D16: OVER | E16: 420 | F16: =Madhumita_Chatterjee!E11 | G16: =F16/E16 | H16: =Madhumita_Chatterjee!H11
A17: 13 | B17: 13/08/2025 | C17: Mr. Randhir Paul | D17: OVER | E17: 1200 | F17: =Randhir_Paul!E21 | G17: =F17/E17 | H17: =Randhir_Paul!H21
A18: 14 | B18: 14/08/2025 | C18: Mrs. Manish Jaiswal | D18: OVER | E18: 8000 | F18: =Manish_Jaiswal!E9 | G18: =F18/E18 | H18: =Manish_Jaiswal!H9
A19: 15 | B19: 15/08/2025 | C19: Dr. R.C. Yadav (Paid 5k for 10 hrs & Self + New Pkg Merged) | D19: ACTIVE | E19: 2400 | F19: =RC_Yadav!E43 | G19: =F19/E19 | H19: =RC_Yadav!H43
A20: 16 | B20: 18/08/2025 | C20: Mr. Indrajit Basak (Paid 5k for 8 hrs - New Pkg) | D20: ACTIVE | E20: 960 | F20: =Indrajit_Basak!E17 | G20: =F20/E20 | H20: =Indrajit_Basak!H17
A21: 17 | B21: 20/08/2025 | C21: Mr. Sumeet (10k Paid for 15 hrs) | D21: ACTIVE | E21: 900 | F21: =Sumeet!E12 | G21: =F21/E21 | H21: =Sumeet!H12
A22: 18 | B22: 24/08/2025 | C22: Miss Samapti Roy (Paid 5k for 7 hrs & 8 hrs) | D22: OVER | E22: 900 | F22: =Samapti_Roy!E19 | G22: =F22/E22 | H22: =Samapti_Roy!H19
A23: 19 | B23: 08/09/2025 | C23: Mr. M.K. Sarkar (Anniversary Special Offer) | D23: ACTIVE | E23: 1200 | F23: =MK_Sarkar!E21 | G23: =F23/E23 | H23: =MK_Sarkar!H21
A24: 20 | B24: 26/09/2025 | C24: Mrs. Komal Sinha (Pooja Offer - 5k for 6 Sessions) | D24: ACTIVE | E24: 8650 | F24: =Komal_Sinha!E12 | G24: =F24/E24 | H24: =Komal_Sinha!H12
A25: 21 | B25: 08/10/2025 | C25: J. Mehta (9830111676 - Paid 10k for 14 hrs) | D25: ACTIVE | E25: 840 | F25: =J_Mehta!E14 | G25: =F25/E25 | H25: =J_Mehta!H14
A26: 22 | B26: 09/10/2025 | C26: Mr. Utpal Chowdhury (Paid 20k for 25k) | D26: ACTIVE | E26: 26900 | F26: =Utpal_Chowdhury!E10 | G26: =F26/E26 | H26: =Utpal_Chowdhury!H10
A27: 23 | B27: 11/10/2025 | C27: Mr. Bijan Raychaudhury (5k Paid for 450m & 510m - Merged) | D27: ACTIVE | E27: 960 | F27: =Bijan_Raychaudhury!E15 | G27: =F27/E27 | H27: =Bijan_Raychaudhury!H15
A28: 24 | B28: 11/10/2025 | C28: Mr. Sanjit Biswas (Paid 5k for 7 hrs & Reflexology Offer) | D28: ACTIVE | E28: 870 | F28: =Sanjit_Biswas!E14 | G28: =F28/E28 | H28: =Sanjit_Biswas!H14
A29: 25 | B29: 17/10/2025 | C29: Mrs. Rakhi Senapati (Paid 5k for 10 Sessions) | D29: ACTIVE | E29: 600 | F29: =Rakhi_Senapati!E6 | G29: =F29/E29 | H29: =Rakhi_Senapati!H6
A30: 26 | B30: 19/10/2025 | C30: Mrs. Monali Sengupta (9163526861 - Paid 5k for 7 hrs) | D30: ACTIVE | E30: 420 | F30: =Monali_Sengupta!E11 | G30: =F30/E30 | H30: =Monali_Sengupta!H11
A31: 27 | B31: 13/03/2026 | C31: Mr. Subhabrata Roy (Paid 20k for 30 hrs) | D31: ACTIVE | E31: 1800 | F31: =Subhabrata_Roy!E17 | G31: =F31/E31 | H31: =Subhabrata_Roy!H17
A32: 28 | B32: 21/10/2025 | C32: Mr. Palas Sarkar (Total 5k for 10 hrs) | D32: OVER | E32: 600 | F32: =Palas_Sarkar!E14 | G32: =F32/E32 | H32: =Palas_Sarkar!H14

Sheet Subhajit_Guha
A1: CLIENT SESSION TRACKER: MR. SUBHAJIT GUHA
A2: Start Date: 09/06/2025 | Package Details: Paid 10k for 15 Hours | Total Package Capacity: 900 Mins
A4: Session No. | B4: Session Date | C4: Duration (Mins/Value) | D4: Therapist / Details | E4: Cumulative Usage | F4: Remaining Balance | G4: % Package Consumed | H4: Prob. Package Over Date
A5: 1 | B5: 09/06/2025 | C5: 60 | D5: Ritvika | E5: =C5 | F5: =900-E5 | G5: =E5/900 | H5: =IF(G5>=1, "100.0% (Package Over)", TEXT(MIN(G5*100, 99.9), "0.0") & "%")
A6: 2 | B6: 24/06/2025 | C6: 60 | D6: Ritvika | E6: =E5+C6 | F6: =900-E6 | G6: =E6/900 | H6: =IF(G6>=1, "100.0% (Package Over)", TEXT(MIN(G6*100, 99.9), "0.0") & "%")
A7: 3 | B7: 04/08/2025 | C7: 60 | D7: Soma | E7: =E6+C7 | F7: =900-E7 | G7: =E7/900 | H7: =IF(G7>=1, "100.0% (Package Over)", TEXT(MIN(G7*100, 99.9), "0.0") & "%")
A8: 4 | B8: 14/10/2025 | C8: 60 | D8: Ritika | E8: =E7+C8 | F8: =900-E8 | G8: =E8/900 | H8: =IF(G8>=1, "100.0% (Package Over)", TEXT(MIN(G8*100, 99.9), "0.0") & "%")
A9: 5 | B9: 11/11/2025 | C9: 60 | D9: Sneha | E9: =E8+C9 | F9: =900-E9 | G9: =E9/900 | H9: =IF(G9>=1, "100.0% (Package Over)", TEXT(MIN(G9*100, 99.9), "0.0") & "%")
A10: 6 | B10: 24/12/2025 | C10: 30 | D10: Ritika | E10: =E9+C10 | F10: =900-E10 | G10: =E10/900 | H10: =IF(G10>=1, "100.0% (Package Over)", TEXT(MIN(G10*100, 99.9), "0.0") & "%")
A11: 7 | B11: 01/01/2026 | C11: 90 | D11: Ritika | E11: =E10+C11 | F11: =900-E11 | G11: =E11/900 | H11: =IF(G11>=1, "100.0% (Package Over)", TEXT(MIN(G11*100, 99.9), "0.0") & "%")
A12: 8 | B12: 30/01/2026 | C12: 60 | D12: Sheelam | E12: =E11+C12 | F12: =900-E12 | G12: =E12/900 | H12: =IF(G12>=1, "100.0% (Package Over)", TEXT(MIN(G12*100, 99.9), "0.0") & "%")
A13: 9 | B13: 24/04/2026 | C13: 30 | D13: Daliya | E13: =E12+C13 | F13: =900-E13 | G13: =E13/900 | H13: =IF(G13>=1, "100.0% (Package Over)", TEXT(MIN(G13*100, 99.9), "0.0") & "%")

Sheet Subrata_Mandal
A1: CLIENT SESSION TRACKER: MR. SUBRATA MANDAL
A2: Start Date: 14/06/2025 | Package Details: Pkg 1 (900m) + Pkg 2 (420m) + Pkg 3 (420m) + Pkg 4 (420m) + Pkg 5 (420m) | Total Package Capacity: 2580 Mins
A4: Session No. | B4: Session Date | C4: Duration (Mins/Value) | D4: Therapist / Details | E4: Cumulative Usage | F4: Remaining Balance | G4: % Package Consumed | H4: Prob. Package Over Date
A5: 1 | B5: 14/06/2025 | C5: 60 | D5: Riya (Pkg 1) | E5: =C5 | F5: =2580-E5 | G5: =E5/2580 | H5: =IF(G5>=1, "100.0% (Package Over)", TEXT(MIN(G5*100, 99.9), "0.0") & "%")
A6: 2 | B6: 16/06/2025 | C6: 90 | D6: Riya | E6: =E5+C6 | F6: =2580-E6 | G6: =E6/2580 | H6: =IF(G6>=1, "100.0% (Package Over)", TEXT(MIN(G6*100, 99.9), "0.0") & "%")
A7: 3 | B7: 21/06/2025 | C7: 120 | D7: Ritika | E7: =E6+C7 | F7: =2580-E7 | G7: =E7/2580 | H7: =IF(G7>=1, "100.0% (Package Over)", TEXT(MIN(G7*100, 99.9), "0.0") & "%")
A8: 4 | B8: 23/06/2025 | C8: 60 | D8: Soma | E8: =E7+C8 | F8: =2580-E8 | G8: =E8/2580 | H8: =IF(G8>=1, "100.0% (Package Over)", TEXT(MIN(G8*100, 99.9), "0.0") & "%")
A9: 5 | B9: 24/06/2025 | C9: 90 | D9: Ritika | E9: =E8+C9 | F9: =2580-E9 | G9: =E9/2580 | H9: =IF(G9>=1, "100.0% (Package Over)", TEXT(MIN(G9*100, 99.9), "0.0") & "%")
A10: 6 | B10: 25/06/2025 | C10: 90 | D10: Soma | E10: =E9+C10 | F10: =2580-E10 | G10: =E10/2580 | H10: =IF(G10>=1, "100.0% (Package Over)", TEXT(MIN(G10*100, 99.9), "0.0") & "%")
A11: 7 | B11: 01/07/2025 | C11: 120 | D11: Ritika | E11: =E10+C11 | F11: =2580-E11 | G11: =E11/2580 | H11: =IF(G11>=1, "100.0% (Package Over)", TEXT(MIN(G11*100, 99.9), "0.0") & "%")
A12: 8 | B12: 02/07/2025 | C12: 60 | D12: Ritika | E12: =E11+C12 | F12: =2580-E12 | G12: =E12/2580 | H12: =IF(G12>=1, "100.0% (Package Over)", TEXT(MIN(G12*100, 99.9), "0.0") & "%")
A13: 9 | B13: 11/07/2025 | C13: 120 | D13: Ritika | E13: =E12+C13 | F13: =2580-E13 | G13: =E13/2580 | H13: =IF(G13>=1, "100.0% (Package Over)", TEXT(MIN(G13*100, 99.9), "0.0") & "%")
A14: 10 | B14: 18/07/2025 | C14: 60 | D14: Smrita | E14: =E13+C14 | F14: =2580-E14 | G14: =E14/2580 | H14: =IF(G14>=1, "100.0% (Package Over)", TEXT(MIN(G14*100, 99.9), "0.0") & "%")
A15: 11 | B15: 21/08/2025 | C15: 30 | D15: Soma (Pkg 2) | E15: =E14+C15 | F15: =2580-E15 | G15: =E15/2580 | H15: =IF(G15>=1, "100.0% (Package Over)", TEXT(MIN(G15*100, 99.9), "0.0") & "%")
A16: 12 | B16: 27/08/2025 | C16: 60 | D16: Barsha | E16: =E15+C16 | F16: =2580-E16 | G16: =E16/2580 | H16: =IF(G16>=1, "100.0% (Package Over)", TEXT(MIN(G16*100, 99.9), "0.0") & "%")
A17: 13 | B17: 11/09/2025 | C17: 90 | D17: Suparna | E17: =E16+C17 | F17: =2580-E17 | G17: =E17/2580 | H17: =IF(G17>=1, "100.0% (Package Over)", TEXT(MIN(G17*100, 99.9), "0.0") & "%")
... A27: 23 | B27: 01/07/2026 | C27: 60 | D27: Bipasha (FHNS - Pkg 3 Over) | E27: =E26+C27 | F27: =2580-E27 | G27: =E27/2580 | H27: =IF(G27>=1, "100.0% (Package Over)", TEXT(MIN(G27*100, 99.9), "0.0") & "%")

Sheet Rituparna_Banerjee
A1: CLIENT SESSION TRACKER: MISS RITUPARNA BANERJEE
A2: Start Date: 17/06/2025 | Package Details: Paid 5k for 7k pkg | Total Package Capacity: 300 Mins
A4: Session No. | B4: Session Date | C4: Duration (Mins/Value) | D4: Therapist / Details | E4: Cumulative Usage | F4: Remaining Balance | G4: % Package Consumed | H4: Prob. Package Over Date
A5: 1 | B5: 09/08/2025 | C5: 90 | D5: Soma / Tiya | E5: =C5 | F5: =300-E5 | G5: =E5/300 | H5: =IF(G5>=1, "100.0% (Package Over)", TEXT(MIN(G5*100, 99.9), "0.0") & "%")
A6: 2 | B6: 09/08/2025 | C6: 90 | D6: Pooja | E6: =E5+C6 | F6: =300-E6 | G6: =E6/300 | H6: =IF(G6>=1, "100.0% (Package Over)", TEXT(MIN(G6*100, 99.9), "0.0") & "%")

Sheet Murali_Panikar
A1: CLIENT SESSION TRACKER: MR. MURALI PANIKAR
A2: Start Date: 20/06/2025 | Package Details: 5k / 7.5k Package | Total Package Capacity: 360 Mins
A4: Session No. | B4: Session Date | C4: Duration (Mins/Value) | D4: Therapist / Details | E4: Cumulative Usage | F4: Remaining Balance | G4: % Package Consumed | H4: Prob. Package Over Date
A5: 1 | B5: 20/06/2025 | C5: 60 | D5: Ritika | E5: =C5 | F5: =360-E5 | G5: =E5/360 | H5: =IF(G5>=1, "100.0% (Package Over)", TEXT(MIN(G5*100, 99.9), "0.0") & "%")
A6: 2 | B6: 16/08/2025 | C6: 60 | D6: Tiya | E6: =E5+C6 | F6: =360-E6 | G6: =E6/360 | H6: =IF(G6>=1, "100.0% (Package Over)", TEXT(MIN(G6*100, 99.9), "0.0") & "%")
A7: 3 | B7: 26/10/2025 | C7: 140 | D7: Ritika | E7: =E6+C7 | F7: =360-E7 | G7: =E7/360 | H7: =IF(G7>=1, "100.0% (Package Over)", TEXT(MIN(G7*100, 99.9), "0.0") & "%")
A8: 4 | B8: 29/11/2025 | C8: 90 | D8: Sneha | E8: =E7+C8 | F8: =360-E8 | G8: =E8/360 | H8: =IF(G8>=1, "100.0% (Package Over)", TEXT(MIN(G8*100, 99.9), "0.0") & "%")
A9: 5 | B9: 14/12/2025 | C9: 60 | D9: HNS Foot / Sneha | E9: =E8+C9 | F9: =360-E9 | G9: =E9/360 | H9: =IF(G9>=1, "100.0% (Package Over)", TEXT(MIN(G9*100, 99.9), "0.0") & "%")

Sheet Supratim_Roy
A1: CLIENT SESSION TRACKER: MR. SUPRATIM ROY
A2: Start Date: 20/06/2025 | Package Details: Paid 5k for 7k Pkg | Total Package Capacity: 480 Mins
A4: Session No. | B4: Session Date | C4: Duration (Mins/Value) | D4: Therapist / Details | E4: Cumulative Usage | F4: Remaining Balance | G4: % Package Consumed | H4: Prob. Package Over Date
A5: 1 | B5: 20/06/2025 | C5: 60 | D5: Ritika | E5: =C5 | F5: =480-E5 | G5: =E5/480 | H5: =IF(G5>=1, "100.0% (Package Over)", TEXT(MIN(G5*100, 99.9), "0.0") & "%")
A6: 2 | B6: 22/06/2025 | C6: 60 | D6: Ritika | E6: =E5+C6 | F6: =480-E6 | G6: =E6/480 | H6: =IF(G6>=1, "100.0% (Package Over)", TEXT(MIN(G6*100, 99.9), "0.0") & "%")
A7: 3 | B7: 29/06/2025 | C7: 60 | D7: Ritika | E7: =E6+C7 | F7: =480-E7 | G7: =E7/480 | H7: =IF(G7>=1, "100.0% (Package Over)", TEXT(MIN(G7*100, 99.9), "0.0") & "%")
A8: 4 | B8: 10/07/2025 | C8: 90 | D8: Soma | E8: =E7+C8 | F8: =480-E8 | G8: =E8/480 | H8: =IF(G8>=1, "100.0% (Package Over)", TEXT(MIN(G8*100, 99.9), "0.0") & "%")
A9: 5 | B9: 10/07/2025 | C9: 90 | D9: Soma / Pedicure | E9: =E8+C9 | F9: =480-E9 | G9: =E9/480 | H9: =IF(G9>=1, "100.0% (Package Over)", TEXT(MIN(G9*100, 99.9), "0.0") & "%")
A10: 6 | B10: 28/07/2025 | C10: 120 | D10: Soma | E10: =E9+C10 | F10: =480-E10 | G10: =E10/480 | H10: =IF(G10>=1, "100.0% (Package Over)", TEXT(MIN(G10*100, 99.9), "0.0") & "%")
A11: 7 | B11: 28/07/2025 | C11: 120 | D11: Ritika | E11: =E10+C11 | F11: =480-E11 | G11: =E11/480 | H11: =IF(G11>=1, "100.0% (Package Over)", TEXT(MIN(G11*100, 99.9), "0.0") & "%")
A12: 8 | B12: 06/08/2025 | C12: 120 | D12: Ritika | E12: =E11+C12 | F12: =480-E12 | G12: =E12/480 | H12: =IF(G12>=1, "100.0% (Package Over)", TEXT(MIN(G12*100, 99.9), "0.0") & "%")

Sheet Anindita_Ghose
A1: CLIENT SESSION TRACKER: MISS ANINDITA GHOSE
A2: Start Date: 03/07/2025 | Package Details: Paid 5k for 7k (Not Started Yet) | Total Package Capacity: 300 Mins
A4: Session No. | B4: Session Date | C4: Duration (Mins/Value) | D4: Therapist / Details | E4: Cumulative Usage | F4: Remaining Balance | G4: % Package Consumed | H4: Prob. Package Over Date
A5: 1 | B5: 03/07/2025 | C5: 0 | D5: Not Started | E5: =C5 | F5: =300-E5 | G5: =E5/300 | H5: =IF(G5>=1, "100.0% (Package Over)", TEXT(MIN(G5*100, 99.9), "0.0") & "%")

Sheet Anand_Mehta
A1: CLIENT SESSION TRACKER: MR. ANAND MEHTA
A2: Start Date: 14/07/2025 | Package Details: Paid 6k for 10 Hours / 5k for 10 Hours | Total Package Capacity: 1200 Mins
A4: Session No. | B4: Session Date | C4: Duration (Mins/Value) | D4: Therapist / Details | E4: Cumulative Usage | F4: Remaining Balance | G4: % Package Consumed | H4: Prob. Package Over Date
A5: 1 | B5: 14/07/2025 | C5: 60 | D5: Soma | E5: =C5 | F5: =1200-E5 | G5: =E5/1200 | H5: =IF(G5>=1, "100.0% (Package Over)", TEXT(MIN(G5*100, 99.9), "0.0") & "%")
A6: 2 | B6: 16/07/2025 | C6: 60 | D6: Ritika | E6: =E5+C6 | F6: =1200-E6 | G6: =E6/1200 | H6: =IF(G6>=1, "100.0% (Package Over)", TEXT(MIN(G6*100, 99.9), "0.0") & "%")
A7: 3 | B7: 21/07/2025 | C7: 60 | D7: Ritika | E7: =E6+C7 | F7: =1200-E7 | G7: =E7/1200 | H7: =IF(G7>=1, "100.0% (Package Over)", TEXT(MIN(G7*100, 99.9), "0.0") & "%")
A8: 4 | B8: 28/07/2025 | C8: 60 | D8: Tiya | E8: =E7+C8 | F8: =1200-E8 | G8: =E8/1200 | H8: =IF(G8>=1, "100.0% (Package Over)", TEXT(MIN(G8*100, 99.9), "0.0") & "%")
A9: 5 | B9: 28/07/2025 | C9: 90 | D9: Soma | E9: =E8+C9 | F9: =1200-E9 | G9: =E9/1200 | H9: =IF(G9>=1, "100.0% (Package Over)", TEXT(MIN(G9*100, 99.9), "0.0") & "%")
A10: 6 | B10: 03/09/2025 | C10: 60 | D10: Soma | E10: =E9+C10 | F10: =1200-E10 | G10: =E10/1200 | H10: =IF(G10>=1, "100.0% (Package Over)", TEXT(MIN(G10*100, 99.9), "0.0") & "%")
A11: 7 | B11: 10/09/2025 | C11: 60 | D11: Soma | E11: =E10+C11 | F11: =1200-E11 | G11: =E11/1200 | H11: =IF(G11>=1, "100.0% (Package Over)", TEXT(MIN(G11*100, 99.9), "0.0") & "%")
A12: 8 | B12: 10/11/2025 | C12: 90 | D12: Ritika | E12: =E11+C12 | F12: =1200-E12 | G12: =E12/1200 | H12: =IF(G12>=1, "100.0% (Package Over)", TEXT(MIN(G12*100, 99.9), "0.0") & "%")
A13: 9 | B13: 22/11/2025 | C13: 60 | D13: Sneha | E13: =E12+C13 | F13: =1200-E13 | G13: =E13/1200 | H13: =IF(G13>=1, "100.0% (Package Over)", TEXT(MIN(G13*100, 99.9), "0.0") & "%")
A14: 10 | B14: 04/01/2026 | C14: 60 | D14: Riya | E14: =E13+C14 | F14: =1200-E14 | G14: =E14/1200 | H14: =IF(G14>=1, "100.0% (Package Over)", TEXT(MIN(G14*100, 99.9), "0.0") & "%")
A15: 11 | B15: 04/01/2026 | C15: 60 | D15: Daliya | E15: =E14+C15 | F15: =1200-E15 | G15: =E15/1200 | H15: =IF(G15>=1, "100.0% (Package Over)", TEXT(MIN(G15*100, 99.9), "0.0") & "%")
A16: 12 | B16: 14/01/2026 | C16: 60 | D16: Daliya | E16: =E15+C16 | F16: =1200-E16 | G16: =E16/1200 | H16: =IF(G16>=1, "100.0% (Package Over)", TEXT(MIN(G16*100, 99.9), "0.0") & "%")
A17: 13 | B17: 14/01/2026 | C17: 60 | D17: Soma | E17: =E16+C17 | F17: =1200-E17 | G17: =E17/1200 | H17: =IF(G17>=1, "100.0% (Package Over)", TEXT(MIN(G17*100, 99.9), "0.0") & "%")
... A23: 19 | B23: 18/03/2026 | C23: 60 | D23: Isha | E23: =E22+C23 | F23: =1200-E23 | G23: =E23/1200 | H23: =IF(G23>=1, "100.0% (Package Over)", TEXT(MIN(G23*100, 99.9), "0.0") & "%")

Sheet Subhabrata
A1: CLIENT SESSION TRACKER: MR. SUBHABRATA
A2: Start Date: 18/07/2025 | Package Details: Package Record Active | Total Package Capacity: 600 Mins
A4: Session No. | B4: Session Date | C4: Duration (Mins/Value) | D4: Therapist / Details | E4: Cumulative Usage | F4: Remaining Balance | G4: % Package Consumed | H4: Prob. Package Over Date
A5: 1 | B5: 18/07/2025 | C5: 0 | D5: Not Started | E5: =C5 | F5: =600-E5 | G5: =E5/600 | H5: =IF(G5>=1, "100.0% (Package Over)", TEXT(MIN(G5*100, 99.9), "0.0") & "%")

Sheet Sushanta
A1: CLIENT SESSION TRACKER: MR. SUSHANTA B.
A2: Start Date: 20/07/2025 | Package Details: 50k for 80 hr (Not Started) | Total Package Capacity: 4800 Mins
A4: Session No. | B4: Session Date | C4: Duration (Mins/Value) | D4: Therapist / Details | E4: Cumulative Usage | F4: Remaining Balance | G4: % Package Consumed | H4: Prob. Package Over Date
A5: 1 | B5: 20/07/2025 | C5: 0 | D5: Not Started | E5: =C5 | F5: =4800-E5 | G5: =E5/4800 | H5: =IF(G5>=1, "100.0% (Package Over)", TEXT(MIN(G5*100, 99.9), "0.0") & "%")

Sheet Anand_Poddar
A1: CLIENT SESSION TRACKER: MR. ANAND PODDAR
A2: Start Date: 22/07/2025 | Package Details: Paid 5k for 7 Hours | Total Package Capacity: 420 Mins
A4: Session No. | B4: Session Date | C4: Duration (Mins/Value) | D4: Therapist / Details | E4: Cumulative Usage | F4: Remaining Balance | G4: % Package Consumed | H4: Prob. Package Over Date
A5: 1 | B5: 22/07/2025 | C5: 60 | D5: Ritvika | E5: =C5 | F5: =420-E5 | G5: =E5/420 | H5: =IF(G5>=1, "100.0% (Package Over)", TEXT(MIN(G5*100, 99.9), "0.0") & "%")
A6: 2 | B6: 14/08/2025 | C6: 60 | D6: Puja | E6: =E5+C6 | F6: =420-E6 | G6: =E6/420 | H6: =IF(G6>=1, "100.0% (Package Over)", TEXT(MIN(G6*100, 99.9), "0.0") & "%")
A7: 3 | B7: 17/08/2025 | C7: 30 | D7: Puja | E7: =E6+C7 | F7: =420-E7 | G7: =E7/420 | H7: =IF(G7>=1, "100.0% (Package Over)", TEXT(MIN(G7*100, 99.9), "0.0") & "%")
A8: 4 | B8: 23/08/2025 | C8: 60 | D8: Puja | E8: =E7+C8 | F8: =420-E8 | G8: =E8/420 | H8: =IF(G8>=1, "100.0% (Package Over)", TEXT(MIN(G8*100, 99.9), "0.0") & "%")
A9: 5 | B9: 12/09/2025 | C9: 75 | D9: Soma | E9: =E8+C9 | F9: =420-E9 | G9: =E9/420 | H9: =IF(G9>=1, "100.0% (Package Over)", TEXT(MIN(G9*100, 99.9), "0.0") & "%")
A10: 6 | B10: 10/10/2025 | C10: 60 | D10: Soma | E10: =E9+C10 | F10: =420-E10 | G10: =E10/420 | H10: =IF(G10>=1, "100.0% (Package Over)", TEXT(MIN(G10*100, 99.9), "0.0") & "%")
A11: 7 | B11: 12/03/2026 | C11: 60 | D11: Isha | E11: =E10+C11 | F11: =420-E11 | G11: =E11/420 | H11: =IF(G11>=1, "100.0% (Package Over)", TEXT(MIN(G11*100, 99.9), "0.0") & "%")
A12: 8 | B12: 26/03/2026 | C12: 15 | D12: Soma | E12: =E11+C12 | F12: =420-E12 | G12: =E12/420 | H12: =IF(G12>=1, "100.0% (Package Over)", TEXT(MIN(G12*100, 99.9), "0.0") & "%")

Sheet Debabrata_Dey
A1: CLIENT SESSION TRACKER: MR. DEBABRATA DEY
A2: Start Date: 23/07/2025 | Package Details: Paid 5k for 7k Package (Soma) | Total Package Capacity: 7000
A4: Session No. | B4: Session Date | C4: Duration (Mins/Value) | D4: Therapist / Details | E4: Cumulative Usage | F4: Remaining Balance | G4: % Package Consumed | H4: Prob. Package Over Date
A5: 1 | B5: 23/07/2025 | C5: 2508 | D5: Facial - Soma | E5: =C5 | F5: =7000-E5 | G5: =E5/7000 | H5: =IF(G5>=1, "100.0% (Package Over)", TEXT(MIN(G5*100, 99.9), "0.0") & "%")
A6: 2 | B6: 12/08/2025 | C6: 2950 | D6: Facial - Soma | E6: =E5+C6 | F6: =7000-E6 | G6: =E6/7000 | H6: =IF(G6>=1, "100.0% (Package Over)", TEXT(MIN(G6*100, 99.9), "0.0") & "%")
A7: 3 | B7: 09/09/2025 | C7: 950 | D7: Facial - Soma | E7: =E6+C7 | F7: =7000-E7 | G7: =E7/7000 | H7: =IF(G7>=1, "100.0% (Package Over)", TEXT(MIN(G7*100, 99.9), "0.0") & "%")
A8: 4 | B8: 25/11/2025 | C8: 592 | D8: Facial - Sneha (Paid = 358 left/over) | E8: =E7+C8 | F8: =7000-E8 | G8: =E8/7000 | H8: =IF(G8>=1, "100.0% (Package Over)", TEXT(MIN(G8*100, 99.9), "0.0") & "%")

Sheet Madhumita_Chatterjee
A1: CLIENT SESSION TRACKER: MADHUMITA CHATTERJEE
A2: Start Date: 07/08/2025 | Package Details: Paid 5k for 7 Hours | Total Package Capacity: 420 Mins
A4: Session No. | B4: Session Date | C4: Duration (Mins/Value) | D4: Therapist / Details | E4: Cumulative Usage | F4: Remaining Balance | G4: % Package Consumed | H4: Prob. Package Over Date
A5: 1 | B5: 07/08/2025 | C5: 60 | D5: Soma | E5: =C5 | F5: =420-E5 | G5: =E5/420 | H5: =IF(G5>=1, "100.0% (Package Over)", TEXT(MIN(G5*100, 99.9), "0.0") & "%")
A6: 2 | B6: 11/08/2025 | C6: 60 | D6: Soma | E6: =E5+C6 | F6: =420-E6 | G6: =E6/420 | H6: =IF(G6>=1, "100.0% (Package Over)", TEXT(MIN(G6*100, 99.9), "0.0") & "%")
A7: 3 | B7: 19/08/2025 | C7: 60 | D7: Soma | E7: =E6+C7 | F7: =420-E7 | G7: =E7/420 | H7: =IF(G7>=1, "100.0% (Package Over)", TEXT(MIN(G7*100, 99.9), "0.0") & "%")
A8: 4 | B8: 28/08/2025 | C8: 60 | D8: Anju | E8: =E7+C8 | F8: =420-E8 | G8: =E8/420 | H8: =IF(G8>=1, "100.0% (Package Over)", TEXT(MIN(G8*100, 99.9), "0.0") & "%")
A9: 5 | B9: 21/09/2025 | C9: 60 | D9: Soma | E9: =E8+C9 | F9: =420-E9 | G9: =E9/420 | H9: =IF(G9>=1, "100.0% (Package Over)", TEXT(MIN(G9*100, 99.9), "0.0") & "%")
A10: 6 | B10: 16/09/2025 | C10: 60 | D10: Soma | E10: =E9+C10 | F10: =420-E10 | G10: =E10/420 | H10: =IF(G10>=1, "100.0% (Package Over)", TEXT(MIN(G10*100, 99.9), "0.0") & "%")
A11: 7 | B11: 28/09/2025 | C11: 60 | D11: Soma | E11: =E10+C11 | F11: =420-E11 | G11: =E11/420 | H11: =IF(G11>=1, "100.0% (Package Over)", TEXT(MIN(G11*100, 99.9), "0.0") & "%")

Sheet Randhir_Paul
A1: CLIENT SESSION TRACKER: MR. RANDHIR PAUL
A2: Start Date: 13/08/2025 | Package Details: Paid 5k for 10 Hours (Renewed 18/09/25 5k for 10 Hours) | Total Package Capacity: 1200 Mins
A4: Session No. | B4: Session Date | C4: Duration (Mins/Value) | D4: Therapist / Details | E4: Cumulative Usage | F4: Remaining Balance | G4: % Package Consumed | H4: Prob. Package Over Date
A5: 1 | B5: 13/08/2025 | C5: 60 | D5: Puja | E5: =C5 | F5: =1200-E5 | G5: =E5/1200 | H5: =IF(G5>=1, "100.0% (Package Over)", TEXT(MIN(G5*100, 99.9), "0.0") & "%")
A6: 2 | B6: 19/08/2025 | C6: 90 | D6: Puja | E6: =E5+C6 | F6: =1200-E6 | G6: =E6/1200 | H6: =IF(G6>=1, "100.0% (Package Over)", TEXT(MIN(G6*100, 99.9), "0.0") & "%")
A7: 3 | B7: 26/08/2025 | C7: 90 | D7: Barsha | E7: =E6+C7 | F7: =1200-E7 | G7: =E7/1200 | H7: =IF(G7>=1, "100.0% (Package Over)", TEXT(MIN(G7*100, 99.9), "0.0") & "%")
A8: 4 | B8: 02/09/2025 | C8: 90 | D8: Soma | E8: =E7+C8 | F8: =1200-E8 | G8: =E8/1200 | H8: =IF(G8>=1, "100.0% (Package Over)", TEXT(MIN(G8*100, 99.9), "0.0") & "%")
A9: 5 | B9: 09/09/2025 | C9: 90 | D9: Suparna | E9: =E8+C9 | F9: =1200-E9 | G9: =E9/1200 | H9: =IF(G9>=1, "100.0% (Package Over)", TEXT(MIN(G9*100, 99.9), "0.0") & "%")
A10: 6 | B10: 11/09/2025 | C10: 60 | D10: Suparna | E10: =E9+C10 | F10: =1200-E10 | G10: =E10/1200 | H10: =IF(G10>=1, "100.0% (Package Over)", TEXT(MIN(G10*100, 99.9), "0.0") & "%")
A11: 7 | B11: 15/09/2025 | C11: 90 | D11: Suparna | E11: =E10+C11 | F11: =1200-E11 | G11: =E11/1200 | H11: =IF(G11>=1, "100.0% (Package Over)", TEXT(MIN(G11*100, 99.9), "0.0") & "%")
A12: 8 | B12: 18/09/2025 | C12: 30 | D12: Suparna (Over) | E12: =E11+C12 | F12: =1200-E12 | G12: =E12/1200 | H12: =IF(G12>=1, "100.0% (Package Over)", TEXT(MIN(G12*100, 99.9), "0.0") & "%")
A13: 9 | B13: 18/09/2025 | C13: 60 | D13: Suparna (Pkg 2 Renewal) | E13: =E12+C13 | F13: =1200-E13 | G13: =E13/1200 | H13: =IF(G13>=1, "100.0% (Package Over)", TEXT(MIN(G13*100, 99.9), "0.0") & "%")
A14: 10 | B14: 26/09/2025 | C14: 60 | D14: Suparna | E14: =E13+C14 | F14: =1200-E14 | G14: =E14/1200 | H14: =IF(G14>=1, "100.0% (Package Over)", TEXT(MIN(G14*100, 99.9), "0.0") & "%")
A15: 11 | B15: 07/10/2025 | C15: 60 | D15: Soma | E15: =E14+C15 | F15: =1200-E15 | G15: =E15/1200 | H15: =IF(G15>=1, "100.0% (Package Over)", TEXT(MIN(G15*100, 99.9), "0.0") & "%")
A16: 12 | B16: 24/10/2025 | C16: 60 | D16: Sneha | E16: =E15+C16 | F16: =1200-E16 | G16: =E16/1200 | H16: =IF(G16>=1, "100.0% (Package Over)", TEXT(MIN(G16*100, 99.9), "0.0") & "%")
A17: 13 | B17: 30/10/2025 | C17: 90 | D17: Sneha | E17: =E16+C17 | F17: =1200-E17 | G17: =E17/1200 | H17: =IF(G17>=1, "100.0% (Package Over)", TEXT(MIN(G17*100, 99.9), "0.0") & "%")
... A21: 17 | B21: 02/12/2025 | C21: 30 | D21: Ritika | E21: =E20+C21 | F21: =1200-E21 | G21: =E21/1200 | H21: =IF(G21>=1, "100.0% (Package Over)", TEXT(MIN(G21*100, 99.9), "0.0") & "%")

Sheet Manish_Jaiswal
A1: CLIENT SESSION TRACKER: MANISH JAISWAL
A2: Start Date: 14/08/2025 | Package Details: Paid 5k for 8k Cash | Total Package Capacity: 8000
A4: Session No. | B4: Session Date | C4: Duration (Mins/Value) | D4: Therapist / Details | E4: Cumulative Usage | F4: Remaining Balance | G4: % Package Consumed | H4: Prob. Package Over Date
A5: 1 | B5: 14/08/2025 | C5: 850 | D5: Pedicure | E5: =C5 | F5: =8000-E5 | G5: =E5/8000 | H5: =IF(G5>=1, "100.0% (Package Over)", TEXT(MIN(G5*100, 99.9), "0.0") & "%")
A6: 2 | B6: 15/08/2025 | C6: 2600 | D6: Foot Massage 60 min (950 - Puja) + Detox Facial (1650 - Soma) | E6: =E5+C6 | F6: =8000-E6 | G6: =E6/8000 | H6: =IF(G6>=1, "100.0% (Package Over)", TEXT(MIN(G6*100, 99.9), "0.0") & "%")
A7: 3 | B7: 04/09/2025 | C7: 2500 | D7: Pedicure (850 - Suparna) + Detox Facial (1650 - Soma) | E7: =E6+C7 | F7: =8000-E7 | G7: =E7/8000 | H7: =IF(G7>=1, "100.0% (Package Over)", TEXT(MIN(G7*100, 99.9), "0.0") & "%")
A8: 4 | B8: 01/12/2025 | C8: 1250 | D8: Signature Pedicure (1250 - Soma) | E8: =E7+C8 | F8: =8000-E8 | G8: =E8/8000 | H8: =IF(G8>=1, "100.0% (Package Over)", TEXT(MIN(G8*100, 99.9), "0.0") & "%")
A9: 5 | B9: 11/12/2025 | C9: 1250 | D9: Signature Pedicure (Sneha - 800 balance + 450 paid = 1250) [OVER] | E9: =E8+C9 | F9: =8000-E9 | G9: =E9/8000 | H9: =IF(G9>=1, "100.0% (Package Over)", TEXT(MIN(G9*100, 99.9), "0.0") & "%")

Sheet RC_Yadav
A1: CLIENT SESSION TRACKER: DR. R.C. YADAV (MERGED)
A2: Start Date: 15/08/2025 | Package Details: Paid 5k for 10 hrs + Paid 5k for Self + Pkg 2 (600m) + Pkg 3 (600m) | Total Package Capacity: 2400 Mins
A4: Session No. | B4: Session Date | C4: Duration (Mins/Value) | D4: Therapist / Details | E4: Cumulative Usage | F4: Remaining Balance | G4: % Package Consumed | H4: Prob. Package Over Date
A5: 1 | B5: 15/08/2025 | C5: 60 | D5: Soma | E5: =C5 | F5: =2400-E5 | G5: =E5/2400 | H5: =IF(G5>=1, "100.0% (Package Over)", TEXT(MIN(G5*100, 99.9), "0.0") & "%")
A6: 2 | B6: 17/08/2025 | C6: 60 | D6: Soma | E6: =E5+C6 | F6: =2400-E6 | G6: =E6/2400 | H6: =IF(G6>=1, "100.0% (Package Over)", TEXT(MIN(G6*100, 99.9), "0.0") & "%")
A7: 3 | B7: 19/08/2025 | C7: 60 | D7: Soma | E7: =E6+C7 | F7: =2400-E7 | G7: =E7/2400 | H7: =IF(G7>=1, "100.0% (Package Over)", TEXT(MIN(G7*100, 99.9), "0.0") & "%")
A8: 4 | B8: 24/09/2025 | C8: 60 | D8: Suparna | E8: =E7+C8 | F8: =2400-E8 | G8: =E8/2400 | H8: =IF(G8>=1, "100.0% (Package Over)", TEXT(MIN(G8*100, 99.9), "0.0") & "%")
A9: 5 | B9: 10/10/2025 | C9: 60 | D9: Soma | E9: =E8+C9 | F9: =2400-E9 | G9: =E9/2400 | H9: =IF(G9>=1, "100.0% (Package Over)", TEXT(MIN(G9*100, 99.9), "0.0") & "%")
A10: 6 | B10: 14/10/2025 | C10: 60 | D10: Ritika | E10: =E9+C10 | F10: =2400-E10 | G10: =E10/2400 | H10: =IF(G10>=1, "100.0% (Package Over)", TEXT(MIN(G10*100, 99.9), "0.0") & "%")
A11: 7 | B11: 16/10/2025 | C11: 60 | D11: Soma | E11: =E10+C11 | F11: =2400-E11 | G11: =E11/2400 | H11: =IF(G11>=1, "100.0% (Package Over)", TEXT(MIN(G11*100, 99.9), "0.0") & "%")
A12: 8 | B12: 18/10/2025 | C12: 60 | D12: Ritika | E12: =E11+C12 | F12: =2400-E12 | G12: =E12/2400 | H12: =IF(G12>=1, "100.0% (Package Over)", TEXT(MIN(G12*100, 99.9), "0.0") & "%")
A13: 9 | B13: 18/10/2025 | C13: 60 | D13: Soma | E13: =E12+C13 | F13: =2400-E13 | G13: =E13/2400 | H13: =IF(G13>=1, "100.0% (Package Over)", TEXT(MIN(G13*100, 99.9), "0.0") & "%")
A14: 10 | B14: 22/10/2025 | C14: 60 | D14: Soma | E14: =E13+C14 | F14: =2400-E14 | G14: =E14/2400 | H14: =IF(G14>=1, "100.0% (Package Over)", TEXT(MIN(G14*100, 99.9), "0.0") & "%")
A15: 11 | B15: 24/10/2025 | C15: 60 | D15: Ritika | E15: =E14+C15 | F15: =2400-E15 | G15: =E15/2400 | H15: =IF(G15>=1, "100.0% (Package Over)", TEXT(MIN(G15*100, 99.9), "0.0") & "%")
A16: 12 | B16: 27/10/2025 | C16: 60 | D16: Soma | E16: =E15+C16 | F16: =2400-E16 | G16: =E16/2400 | H16: =IF(G16>=1, "100.0% (Package Over)", TEXT(MIN(G16*100, 99.9), "0.0") & "%")
A17: 13 | B17: 29/10/2025 | C17: 60 | D17: Soma | E17: =E16+C17 | F17: =2400-E17 | G17: =E17/2400 | H17: =IF(G17>=1, "100.0% (Package Over)", TEXT(MIN(G17*100, 99.9), "0.0") & "%")
... A43: 39 | B43: 12/03/2026 | C43: 60 | D43: Foot HNS (Riya) | E43: =E42+C43 | F43: =2400-E43 | G43: =E43/2400 | H43: =IF(G43>=1, "100.0% (Package Over)", TEXT(MIN(G43*100, 99.9), "0.0") & "%")

Sheet Indrajit_Basak
A1: CLIENT SESSION TRACKER: MR. INDRAJIT BASAK (MERGED)
A2: Start Date: 18/08/2025 | Package Details: Paid 5k for 8 hrs + New Package Paid 5k for 8 hrs | Total Package Capacity: 960 Mins
A4: Session No. | B4: Session Date | C4: Duration (Mins/Value) | D4: Therapist / Details | E4: Cumulative Usage | F4: Remaining Balance | G4: % Package Consumed | H4: Prob. Package Over Date
A5: 1 | B5: 18/08/2025 | C5: 60 | D5: Soma | E5: =C5 | F5: =960-E5 | G5: =E5/960 | H5: =IF(G5>=1, "100.0% (Package Over)", TEXT(MIN(G5*100, 99.9), "0.0") & "%")
A6: 2 | B6: 27/08/2025 | C6: 60 | D6: Rajlakshmi | E6: =E5+C6 | F6: =960-E6 | G6: =E6/960 | H6: =IF(G6>=1, "100.0% (Package Over)", TEXT(MIN(G6*100, 99.9), "0.0") & "%")
A7: 3 | B7: 05/09/2025 | C7: 60 | D7: Soma | E7: =E6+C7 | F7: =960-E7 | G7: =E7/960 | H7: =IF(G7>=1, "100.0% (Package Over)", TEXT(MIN(G7*100, 99.9), "0.0") & "%")
A8: 4 | B8: 08/09/2025 | C8: 60 | D8: Soma | E8: =E7+C8 | F8: =960-E8 | G8: =E8/960 | H8: =IF(G8>=1, "100.0% (Package Over)", TEXT(MIN(G8*100, 99.9), "0.0") & "%")
A9: 5 | B9: 03/10/2025 | C9: 60 | D9: Soma | E9: =E8+C9 | F9: =960-E9 | G9: =E9/960 | H9: =IF(G9>=1, "100.0% (Package Over)", TEXT(MIN(G9*100, 99.9), "0.0") & "%")
A10: 6 | B10: 25/12/2025 | C10: 60 | D10: Daliya | E10: =E9+C10 | F10: =960-E10 | G10: =E10/960 | H10: =IF(G10>=1, "100.0% (Package Over)", TEXT(MIN(G10*100, 99.9), "0.0") & "%")
A11: 7 | B11: 14/01/2026 | C11: 60 | D11: Riya | E11: =E10+C11 | F11: =960-E11 | G11: =E11/960 | H11: =IF(G11>=1, "100.0% (Package Over)", TEXT(MIN(G11*100, 99.9), "0.0") & "%")
A12: 8 | B12: 15/01/2026 | C12: 60 | D12: Daliya (Foot) | E12: =E11+C12 | F12: =960-E12 | G12: =E12/960 | H12: =IF(G12>=1, "100.0% (Package Over)", TEXT(MIN(G12*100, 99.9), "0.0") & "%")
A13: 9 | B13: 15/01/2026 | C13: 60 | D13: Soma (HNS) | E13: =E12+C13 | F13: =960-E13 | G13: =E13/960 | H13: =IF(G13>=1, "100.0% (Package Over)", TEXT(MIN(G13*100, 99.9), "0.0") & "%")
A14: 10 | B14: 06/02/2026 | C14: 60 | D14: Shilpa (HNS) | E14: =E13+C14 | F14: =960-E14 | G14: =E14/960 | H14: =IF(G14>=1, "100.0% (Package Over)", TEXT(MIN(G14*100, 99.9), "0.0") & "%")
A15: 11 | B15: 06/02/2026 | C15: 60 | D15: Sneha (Foot) | E15: =E14+C15 | F15: =960-E15 | G15: =E15/960 | H15: =IF(G15>=1, "100.0% (Package Over)", TEXT(MIN(G15*100, 99.9), "0.0") & "%")
A16: 12 | B16: 08/02/2026 | C16: 60 | D16: Isha (Foot) | E16: =E15+C16 | F16: =960-E16 | G16: =E16/960 | H16: =IF(G16>=1, "100.0% (Package Over)", TEXT(MIN(G16*100, 99.9), "0.0") & "%")
A17: 13 | B17: 08/02/2026 | C17: 30 | D17: Riya (HNS) | E17: =E16+C17 | F17: =960-E17 | G17: =E17/960 | H17: =IF(G17>=1, "100.0% (Package Over)", TEXT(MIN(G17*100, 99.9), "0.0") & "%")

Sheet Sumeet
A1: CLIENT SESSION TRACKER: MR. SUMEET
A2: Start Date: 20/08/2025 | Package Details: Paid 10k for 15 hrs (900 Mins) | Total Package Capacity: 900 Mins
A4: Session No. | B4: Session Date | C4: Duration (Mins/Value) | D4: Therapist / Details | E4: Cumulative Usage | F4: Remaining Balance | G4: % Package Consumed | H4: Prob. Package Over Date
A5: 1 | B5: 20/08/2025 | C5: 90 | D5: Soma | E5: =C5 | F5: =900-E5 | G5: =E5/900 | H5: =IF(G5>=1, "100.0% (Package Over)", TEXT(MIN(G5*100, 99.9), "0.0") & "%")
A6: 2 | B6: 20/08/2025 | C6: 0 | D6: Puja (90m Complementary) | E6: =E5+C6 | F6: =900-E6 | G6: =E6/900 | H6: =IF(G6>=1, "100.0% (Package Over)", TEXT(MIN(G6*100, 99.9), "0.0") & "%")
A7: 3 | B7: 18/10/2025 | C7: 90 | D7: Soma | E7: =E6+C7 | F7: =900-E7 | G7: =E7/900 | H7: =IF(G7>=1, "100.0% (Package Over)", TEXT(MIN(G7*100, 99.9), "0.0") & "%")
A8: 4 | B8: 18/10/2025 | C8: 90 | D8: Ritnika | E8: =E7+C8 | F8: =900-E8 | G8: =E8/900 | H8: =IF(G8>=1, "100.0% (Package Over)", TEXT(MIN(G8*100, 99.9), "0.0") & "%")
A9: 5 | B9: 15/12/2025 | C9: 90 | D9: Ritnika | E9: =E8+C9 | F9: =900-E9 | G9: =E9/900 | H9: =IF(G9>=1, "100.0% (Package Over)", TEXT(MIN(G9*100, 99.9), "0.0") & "%")
A10: 6 | B10: 15/12/2025 | C10: 30 | D10: Soma | E10: =E9+C10 | F10: =900-E10 | G10: =E10/900 | H10: =IF(G10>=1, "100.0% (Package Over)", TEXT(MIN(G10*100, 99.9), "0.0") & "%")
A11: 7 | B11: 20/03/2026 | C11: 60 | D11: Soma | E11: =E10+C11 | F11: =900-E11 | G11: =E11/900 | H11: =IF(G11>=1, "100.0% (Package Over)", TEXT(MIN(G11*100, 99.9), "0.0") & "%")
A12: 8 | B12: 20/08/2026 | C12: 60 | D12: Isha | E12: =E11+C12 | F12: =900-E12 | G12: =E12/900 | H12: =IF(G12>=1, "100.0% (Package Over)", TEXT(MIN(G12*100, 99.9), "0.0") & "%")

Sheet Samapti_Roy
A1: CLIENT SESSION TRACKER: MISS SAMAPTI ROY (MERGED)
A2: Start Date: 24/08/2025 | Package Details: Paid 5k for 7 hrs + Paid 5k for 8 hrs | Total Package Capacity: 900 Mins
A4: Session No. | B4: Session Date | C4: Duration (Mins/Value) | D4: Therapist / Details | E4: Cumulative Usage | F4: Remaining Balance | G4: % Package Consumed | H4: Prob. Package Over Date
A5: 1 | B5: 24/08/2025 | C5: 60 | D5: Puja | E5: =C5 | F5: =900-E5 | G5: =E5/900 | H5: =IF(G5>=1, "100.0% (Package Over)", TEXT(MIN(G5*100, 99.9), "0.0") & "%")
A6: 2 | B6: 24/08/2025 | C6: 60 | D6: Soma | E6: =E5+C6 | F6: =900-E6 | G6: =E6/900 | H6: =IF(G6>=1, "100.0% (Package Over)", TEXT(MIN(G6*100, 99.9), "0.0") & "%")
A7: 3 | B7: 31/08/2025 | C7: 60 | D7: Soma | E7: =E6+C7 | F7: =900-E7 | G7: =E7/900 | H7: =IF(G7>=1, "100.0% (Package Over)", TEXT(MIN(G7*100, 99.9), "0.0") & "%")
A8: 4 | B8: 07/09/2025 | C8: 60 | D8: Soma | E8: =E7+C8 | F8: =900-E8 | G8: =E8/900 | H8: =IF(G8>=1, "100.0% (Package Over)", TEXT(MIN(G8*100, 99.9), "0.0") & "%")
A9: 5 | B9: 07/09/2025 | C9: 60 | D9: Suparna | E9: =E8+C9 | F9: =900-E9 | G9: =E9/900 | H9: =IF(G9>=1, "100.0% (Package Over)", TEXT(MIN(G9*100, 99.9), "0.0") & "%")
A10: 6 | B10: 23/11/2025 | C10: 60 | D10: Ritika | E10: =E9+C10 | F10: =900-E10 | G10: =E10/900 | H10: =IF(G10>=1, "100.0% (Package Over)", TEXT(MIN(G10*100, 99.9), "0.0") & "%")
A11: 7 | B11: 23/11/2025 | C11: 60 | D11: Swapna | E11: =E10+C11 | F11: =900-E11 | G11: =E11/900 | H11: =IF(G11>=1, "100.0% (Package Over)", TEXT(MIN(G11*100, 99.9), "0.0") & "%")
A12: 8 | B12: 28/12/2025 | C12: 60 | D12: Sneha (FHNS) | E12: =E11+C12 | F12: =900-E12 | G12: =E12/900 | H12: =IF(G12>=1, "100.0% (Package Over)", TEXT(MIN(G12*100, 99.9), "0.0") & "%")
A13: 9 | B13: 28/12/2025 | C13: 60 | D13: Riya (FHNS) | E13: =E12+C13 | F13: =900-E13 | G13: =E13/900 | H13: =IF(G13>=1, "100.0% (Package Over)", TEXT(MIN(G13*100, 99.9), "0.0") & "%")
A14: 10 | B14: 04/01/2026 | C14: 60 | D14: Sneha (FHNS) | E14: =E13+C14 | F14: =900-E14 | G14: =E14/900 | H14: =IF(G14>=1, "100.0% (Package Over)", TEXT(MIN(G14*100, 99.9), "0.0") & "%")
A15: 11 | B15: 04/01/2026 | C15: 60 | D15: Daliya (FHNS) | E15: =E14+C15 | F15: =900-E15 | G15: =E15/900 | H15: =IF(G15>=1, "100.0% (Package Over)", TEXT(MIN(G15*100, 99.9), "0.0") & "%")
A16: 12 | B16: 18/01/2026 | C16: 60 | D16: Riya (FHNS) | E16: =E15+C16 | F16: =900-E16 | G16: =E16/900 | H16: =IF(G16>=1, "100.0% (Package Over)", TEXT(MIN(G16*100, 99.9), "0.0") & "%")
A17: 13 | B17: 26/01/2026 | C17: 60 | D17: Riya (FHNS) | E17: =E16+C17 | F17: =900-E17 | G17: =E17/900 | H17: =IF(G17>=1, "100.0% (Package Over)", TEXT(MIN(G17*100, 99.9), "0.0") & "%")
... A19: 15 | B19: 15/02/2026 | C19: 60 | D19: Daliya (FHNS) | E19: =E18+C19 | F19: =900-E19 | G19: =E19/900 | H19: =IF(G19>=1, "100.0% (Package Over)", TEXT(MIN(G19*100, 99.9), "0.0") & "%")

Sheet MK_Sarkar
A1: CLIENT SESSION TRACKER: MR. M.K. SARKAR (MERGED)
A2: Start Date: 08/09/2025 | Package Details: Paid 5k for 10 hrs + Anniversary Special Offer (5k for 10 hrs) | Total Package Capacity: 1200 Mins
A4: Session No. | B4: Session Date | C4: Duration (Mins/Value) | D4: Therapist / Details | E4: Cumulative Usage | F4: Remaining Balance | G4: % Package Consumed | H4: Prob. Package Over Date
A5: 1 | B5: 08/09/2025 | C5: 60 | D5: Soma | E5: =C5 | F5: =1200-E5 | G5: =E5/1200 | H5: =IF(G5>=1, "100.0% (Package Over)", TEXT(MIN(G5*100, 99.9), "0.0") & "%")
A6: 2 | B6: 08/10/2025 | C6: 60 | D6: Sneha | E6: =E5+C6 | F6: =1200-E6 | G6: =E6/1200 | H6: =IF(G6>=1, "100.0% (Package Over)", TEXT(MIN(G6*100, 99.9), "0.0") & "%")
A7: 3 | B7: 31/10/2025 | C7: 60 | D7: Soma | E7: =E6+C7 | F7: =1200-E7 | G7: =E7/1200 | H7: =IF(G7>=1, "100.0% (Package Over)", TEXT(MIN(G7*100, 99.9), "0.0") & "%")
A8: 4 | B8: 12/11/2025 | C8: 60 | D8: Swapna | E8: =E7+C8 | F8: =1200-E8 | G8: =E8/1200 | H8: =IF(G8>=1, "100.0% (Package Over)", TEXT(MIN(G8*100, 99.9), "0.0") & "%")
A9: 5 | B9: 18/11/2025 | C9: 90 | D9: Ritika | E9: =E8+C9 | F9: =1200-E9 | G9: =E9/1200 | H9: =IF(G9>=1, "100.0% (Package Over)", TEXT(MIN(G9*100, 99.9), "0.0") & "%")
A10: 6 | B10: 27/11/2025 | C10: 90 | D10: Soma | E10: =E9+C10 | F10: =1200-E10 | G10: =E10/1200 | H10: =IF(G10>=1, "100.0% (Package Over)", TEXT(MIN(G10*100, 99.9), "0.0") & "%")
A11: 7 | B11: 17/01/2026 | C11: 60 | D11: Riya | E11: =E10+C11 | F11: =1200-E11 | G11: =E11/1200 | H11: =IF(G11>=1, "100.0% (Package Over)", TEXT(MIN(G11*100, 99.9), "0.0") & "%")
A12: 8 | B12: 03/07/2026 | C12: 30 | D12: Puja (HNSF) | E12: =E11+C12 | F12: =1200-E12 | G12: =E12/1200 | H12: =IF(G12>=1, "100.0% (Package Over)", TEXT(MIN(G12*100, 99.9), "0.0") & "%")
A13: 9 | B13: 09/07/2026 | C13: 30 | D13: Puja (HNS) | E13: =E12+C13 | F13: =1200-E13 | G13: =E13/1200 | H13: =IF(G13>=1, "100.0% (Package Over)", TEXT(MIN(G13*100, 99.9), "0.0") & "%")
A14: 10 | B14: 09/07/2026 | C14: 60 | D14: Puja (Foot) | E14: =E13+C14 | F14: =1200-E14 | G14: =E14/1200 | H14: =IF(G14>=1, "100.0% (Package Over)", TEXT(MIN(G14*100, 99.9), "0.0") & "%")
A15: 11 | B15: 10/07/2026 | C15: 30 | D15: Ankit (FHNS) | E15: =E14+C15 | F15: =1200-E15 | G15: =E15/1200 | H15: =IF(G15>=1, "100.0% (Package Over)", TEXT(MIN(G15*100, 99.9), "0.0") & "%")
A16: 12 | B16: 22/07/2026 | C16: 45 | D16: Ankit (HNSB) | E16: =E15+C16 | F16: =1200-E16 | G16: =E16/1200 | H16: =IF(G16>=1, "100.0% (Package Over)", TEXT(MIN(G16*100, 99.9), "0.0") & "%")
A17: 13 | B17: 22/07/2026 | C17: 30 | D17: Puja (Foot) | E17: =E16+C17 | F17: =1200-E17 | G17: =E17/1200 | H17: =IF(G17>=1, "100.0% (Package Over)", TEXT(MIN(G17*100, 99.9), "0.0") & "%")
... A21: 17 | B21: 21/08/2026 | C21: 30 | D21: Ankit (HNSB) | E21: =E20+C21 | F21: =1200-E21 | G21: =E21/1200 | H21: =IF(G21>=1, "100.0% (Package Over)", TEXT(MIN(G21*100, 99.9), "0.0") & "%")

Sheet Komal_Sinha
A1: CLIENT SESSION TRACKER: MRS. KOMAL SINHA (POOJA OFFER)
A2: Start Date: 26/09/2025 | Package Details: Pooja Offer 5k for 6 Sessions (Total Value: 8650) | Total Package Capacity: 8650 Mins
A4: Session No. | B4: Session Date | C4: Duration (Mins/Value) | D4: Therapist / Details | E4: Cumulative Usage | F4: Remaining Balance | G4: % Package Consumed | H4: Prob. Package Over Date
A5: 1 | B5: 26/09/2025 | C5: 2200 | D5: Foot + Pedi Signature (Suparna & Soma) | E5: =C5 | F5: =8650-E5 | G5: =E5/8650 | H5: =IF(G5>=1, "100.0% (Package Over)", TEXT(MIN(G5*100, 99.9), "0.0") & "%")
A6: 2 | B6: 01/11/2025 | C6: 950 | D6: Soma | E6: =E5+C6 | F6: =8650-E6 | G6: =E6/8650 | H6: =IF(G6>=1, "100.0% (Package Over)", TEXT(MIN(G6*100, 99.9), "0.0") & "%")
A7: 3 | B7: 01/11/2025 | C7: 950 | D7: Sneha | E7: =E6+C7 | F7: =8650-E7 | G7: =E7/8650 | H7: =IF(G7>=1, "100.0% (Package Over)", TEXT(MIN(G7*100, 99.9), "0.0") & "%")
A8: 4 | B8: 21/02/2026 | C8: 950 | D8: Daliya | E8: =E7+C8 | F8: =8650-E8 | G8: =E8/8650 | H8: =IF(G8>=1, "100.0% (Package Over)", TEXT(MIN(G8*100, 99.9), "0.0") & "%")
A9: 5 | B9: 21/02/2026 | C9: 950 | D9: Sneha | E9: =E8+C9 | F9: =8650-E9 | G9: =E9/8650 | H9: =IF(G9>=1, "100.0% (Package Over)", TEXT(MIN(G9*100, 99.9), "0.0") & "%")
A10: 6 | B10: 21/02/2026 | C10: 950 | D10: Session 6 | E10: =E9+C10 | F10: =8650-E10 | G10: =E10/8650 | H10: =IF(G10>=1, "100.0% (Package Over)", TEXT(MIN(G10*100, 99.9), "0.0") & "%")
A11: 7 | B11: 21/02/2026 | C11: 950 | D11: Session 7 | E11: =E10+C11 | F11: =8650-E11 | G11: =E11/8650 | H11: =IF(G11>=1, "100.0% (Package Over)", TEXT(MIN(G11*100, 99.9), "0.0") & "%")
A12: 8 | B12: 21/02/2026 | C12: 750 | D12: 1 Deluxe Manicure (Complimentary) | E12: =E11+C12 | F12: =8650-E12 | G12: =E12/8650 | H12: =IF(G12>=1, "100.0% (Package Over)", TEXT(MIN(G12*100, 99.9), "0.0") & "%")

Sheet J_Mehta
A1: CLIENT SESSION TRACKER: J. MEHTA (9830111676)
A2: Start Date: 08/10/2025 | Package Details: Paid 10k for 14 hrs (840 Mins) | Phone: 9830111676 | Total Package Capacity: 840 Mins
A4: Session No. | B4: Session Date | C4: Duration (Mins/Value) | D4: Therapist / Details | E4: Cumulative Usage | F4: Remaining Balance | G4: % Package Consumed | H4: Prob. Package Over Date
A5: 1 | B5: 08/10/2025 | C5: 90 | D5: Soma | E5: =C5 | F5: =840-E5 | G5: =E5/840 | H5: =IF(G5>=1, "100.0% (Package Over)", TEXT(MIN(G5*100, 99.9), "0.0") & "%")
A6: 2 | B6: 08/10/2025 | C6: 90 | D6: Ritnika | E6: =E5+C6 | F6: =840-E6 | G6: =E6/840 | H6: =IF(G6>=1, "100.0% (Package Over)", TEXT(MIN(G6*100, 99.9), "0.0") & "%")
A7: 3 | B7: 25/10/2025 | C7: 90 | D7: Sneha | E7: =E6+C7 | F7: =840-E7 | G7: =E7/840 | H7: =IF(G7>=1, "100.0% (Package Over)", TEXT(MIN(G7*100, 99.9), "0.0") & "%")
A8: 4 | B8: 09/12/2025 | C8: 90 | D8: Soma | E8: =E7+C8 | F8: =840-E8 | G8: =E8/840 | H8: =IF(G8>=1, "100.0% (Package Over)", TEXT(MIN(G8*100, 99.9), "0.0") & "%")
A9: 5 | B9: 20/12/2025 | C9: 60 | D9: Shilpa | E9: =E8+C9 | F9: =840-E9 | G9: =E9/840 | H9: =IF(G9>=1, "100.0% (Package Over)", TEXT(MIN(G9*100, 99.9), "0.0") & "%")
A10: 6 | B10: 06/01/2026 | C10: 90 | D10: Sneha | E10: =E9+C10 | F10: =840-E10 | G10: =E10/840 | H10: =IF(G10>=1, "100.0% (Package Over)", TEXT(MIN(G10*100, 99.9), "0.0") & "%")
A11: 7 | B11: 06/01/2026 | C11: 90 | D11: Riya | E11: =E10+C11 | F11: =840-E11 | G11: =E11/840 | H11: =IF(G11>=1, "100.0% (Package Over)", TEXT(MIN(G11*100, 99.9), "0.0") & "%")
A12: 8 | B12: 17/06/2026 | C12: 90 | D12: Ankit (FHNS) | E12: =E11+C12 | F12: =840-E12 | G12: =E12/840 | H12: =IF(G12>=1, "100.0% (Package Over)", TEXT(MIN(G12*100, 99.9), "0.0") & "%")
A13: 9 | B13: 05/08/2026 | C13: 60 | D13: Ankit (FHNS) | E13: =E12+C13 | F13: =840-E13 | G13: =E13/840 | H13: =IF(G13>=1, "100.0% (Package Over)", TEXT(MIN(G13*100, 99.9), "0.0") & "%")
A14: 10 | B14: 05/08/2026 | C14: 60 | D14: Mouli (FHNS) | E14: =E13+C14 | F14: =840-E14 | G14: =E14/840 | H14: =IF(G14>=1, "100.0% (Package Over)", TEXT(MIN(G14*100, 99.9), "0.0") & "%")

Sheet Utpal_Chowdhury
A1: CLIENT SESSION TRACKER: MR. UTPAL CHOWDHURY
A2: Start Date: 09/10/2025 | Package Details: Paid 20k for 25k (Actual Value: 26,900) | Total Package Capacity: 26900 Mins
A4: Session No. | B4: Session Date | C4: Duration (Mins/Value) | D4: Therapist / Details | E4: Cumulative Usage | F4: Remaining Balance | G4: % Package Consumed | H4: Prob. Package Over Date
A5: 1 | B5: 09/10/2025 | C5: 950 | D5: Foot Therapy | E5: =C5 | F5: =26900-E5 | G5: =E5/26900 | H5: =IF(G5>=1, "100.0% (Package Over)", TEXT(MIN(G5*100, 99.9), "0.0") & "%")
A6: 2 | B6: 26/10/2025 | C6: 5350 | D6: Facial + Pedicure + Manicure (Soma) | E6: =E5+C6 | F6: =26900-E6 | G6: =E6/26900 | H6: =IF(G6>=1, "100.0% (Package Over)", TEXT(MIN(G6*100, 99.9), "0.0") & "%")
A7: 3 | B7: 26/10/2025 | C7: 2400 | D7: Pedicure + Manicure + Threading | E7: =E6+C7 | F7: =26900-E7 | G7: =E7/26900 | H7: =IF(G7>=1, "100.0% (Package Over)", TEXT(MIN(G7*100, 99.9), "0.0") & "%")
A8: 4 | B8: 23/11/2025 | C8: 5200 | D8: Pedicure + Facial (Soma) | E8: =E7+C8 | F8: =26900-E8 | G8: =E8/26900 | H8: =IF(G8>=1, "100.0% (Package Over)", TEXT(MIN(G8*100, 99.9), "0.0") & "%")
A9: 5 | B9: 23/11/2025 | C9: 5200 | D9: Pedicure + Facial (Ritika) | E9: =E8+C9 | F9: =26900-E9 | G9: =E9/26900 | H9: =IF(G9>=1, "100.0% (Package Over)", TEXT(MIN(G9*100, 99.9), "0.0") & "%")
A10: 6 | B10: 14/12/2025 | C10: 5800 | D10: Pedicure + Facial | E10: =E9+C10 | F10: =26900-E10 | G10: =E10/26900 | H10: =IF(G10>=1, "100.0% (Package Over)", TEXT(MIN(G10*100, 99.9), "0.0") & "%")

Sheet Bijan_Raychaudhury
A1: CLIENT SESSION TRACKER: MR. BIJAN RAYCHAUDHURY
A2: Start Date: 11/10/2025 | Package Details: Paid 5k for 450m + Paid 5k for 510m (Merged Pkg) | Total Package Capacity: 960 Mins
A4: Session No. | B4: Session Date | C4: Duration (Mins/Value) | D4: Therapist / Details | E4: Cumulative Usage | F4: Remaining Balance | G4: % Package Consumed | H4: Prob. Package Over Date
A5: 1 | B5: 11/10/2025 | C5: 90 | D5: Ritika (90 min) | E5: =C5 | F5: =960-E5 | G5: =E5/960 | H5: =IF(G5>=1, "100.0% (Package Over)", TEXT(MIN(G5*100, 99.9), "0.0") & "%")
A6: 2 | B6: 23/10/2025 | C6: 90 | D6: Ritika (90 min F.H. Massage) | E6: =E5+C6 | F6: =960-E6 | G6: =E6/960 | H6: =IF(G6>=1, "100.0% (Package Over)", TEXT(MIN(G6*100, 99.9), "0.0") & "%")
A7: 3 | B7: 28/10/2025 | C7: 90 | D7: Ritika (90 min F.H. Massage) | E7: =E6+C7 | F7: =960-E7 | G7: =E7/960 | H7: =IF(G7>=1, "100.0% (Package Over)", TEXT(MIN(G7*100, 99.9), "0.0") & "%")
A8: 4 | B8: 16/11/2025 | C8: 90 | D8: Ritika / Riya (90 min) | E8: =E7+C8 | F8: =960-E8 | G8: =E8/960 | H8: =IF(G8>=1, "100.0% (Package Over)", TEXT(MIN(G8*100, 99.9), "0.0") & "%")
A9: 5 | B9: 29/11/2025 | C9: 90 | D9: Suparna (90 min) [Pkg 1 OVER] | E9: =E8+C9 | F9: =960-E9 | G9: =E9/960 | H9: =IF(G9>=1, "100.0% (Package Over)", TEXT(MIN(G9*100, 99.9), "0.0") & "%")
A10: 6 | B10: 14/12/2025 | C10: 90 | D10: Riya (90 min Foot Massage) | E10: =E9+C10 | F10: =960-E10 | G10: =E10/960 | H10: =IF(G10>=1, "100.0% (Package Over)", TEXT(MIN(G10*100, 99.9), "0.0") & "%")
A11: 7 | B11: 11/01/2026 | C11: 90 | D11: Shilam (90 min) | E11: =E10+C11 | F11: =960-E11 | G11: =E11/960 | H11: =IF(G11>=1, "100.0% (Package Over)", TEXT(MIN(G11*100, 99.9), "0.0") & "%")
A12: 8 | B12: 15/02/2026 | C12: 90 | D12: Riya (90 min F.H. Massage) | E12: =E11+C12 | F12: =960-E12 | G12: =E12/960 | H12: =IF(G12>=1, "100.0% (Package Over)", TEXT(MIN(G12*100, 99.9), "0.0") & "%")
A13: 9 | B13: 21/03/2026 | C13: 90 | D13: Isha (90 min) | E13: =E12+C13 | F13: =960-E13 | G13: =E13/960 | H13: =IF(G13>=1, "100.0% (Package Over)", TEXT(MIN(G13*100, 99.9), "0.0") & "%")
A14: 10 | B14: 03/05/2026 | C14: 90 | D14: Isha (90 min) | E14: =E13+C14 | F14: =960-E14 | G14: =E14/960 | H14: =IF(G14>=1, "100.0% (Package Over)", TEXT(MIN(G14*100, 99.9), "0.0") & "%")
A15: 11 | B15: 09/05/2026 | C15: 60 | D15: Isha (60 min F.H. Massage) | E15: =E14+C15 | F15: =960-E15 | G15: =E15/960 | H15: =IF(G15>=1, "100.0% (Package Over)", TEXT(MIN(G15*100, 99.9), "0.0") & "%")

Sheet Sanjit_Biswas
A1: CLIENT SESSION TRACKER: MR. SANJIT BISWAS
A2: Start Date: 11/10/2025 | Package Details: Paid 5k for 7 hrs + Reflexology Offer 5k for 7.5 hrs | Total Package Capacity: 870 Mins
A4: Session No. | B4: Session Date | C4: Duration (Mins/Value) | D4: Therapist / Details | E4: Cumulative Usage | F4: Remaining Balance | G4: % Package Consumed | H4: Prob. Package Over Date
A5: 1 | B5: 11/10/2025 | C5: 60 | D5: Facial 3210 (Soma) - Single Biswas | E5: =C5 | F5: =870-E5 | G5: =E5/870 | H5: =IF(G5>=1, "100.0% (Package Over)", TEXT(MIN(G5*100, 99.9), "0.0") & "%")
A6: 2 | B6: 18/11/2025 | C6: 60 | D6: Aroma (950) - Single Biswas | E6: =E5+C6 | F6: =870-E6 | G6: =E6/870 | H6: =IF(G6>=1, "100.0% (Package Over)", TEXT(MIN(G6*100, 99.9), "0.0") & "%")
A7: 3 | B7: 18/11/2025 | C7: 60 | D7: Signature Pedicure (950) - Single Biswas | E7: =E6+C7 | F7: =870-E7 | G7: =E7/870 | H7: =IF(G7>=1, "100.0% (Package Over)", TEXT(MIN(G7*100, 99.9), "0.0") & "%")
A8: 4 | B8: 08/02/2026 | C8: 60 | D8: Foot + HNS (Sneha 950) - Sanjit Biswas | E8: =E7+C8 | F8: =870-E8 | G8: =E8/870 | H8: =IF(G8>=1, "100.0% (Package Over)", TEXT(MIN(G8*100, 99.9), "0.0") & "%")
A9: 5 | B9: 01/05/2026 | C9: 60 | D9: Foot + HNS (Daliya 950) - Sanjit Biswas | E9: =E8+C9 | F9: =870-E9 | G9: =E9/870 | H9: =IF(G9>=1, "100.0% (Package Over)", TEXT(MIN(G9*100, 99.9), "0.0") & "%")
A10: 6 | B10: 12/07/2026 | C10: 120 | D10: FHNS (Bipasha 800) - Biswas (150 paid) | E10: =E9+C10 | F10: =870-E10 | G10: =E10/870 | H10: =IF(G10>=1, "100.0% (Package Over)", TEXT(MIN(G10*100, 99.9), "0.0") & "%")
A11: 7 | B11: 12/07/2026 | C11: 30 | D11: Back Therapy (30 min - Ankit) | E11: =E10+C11 | F11: =870-E11 | G11: =E11/870 | H11: =IF(G11>=1, "100.0% (Package Over)", TEXT(MIN(G11*100, 99.9), "0.0") & "%")
A12: 8 | B12: 16/08/2026 | C12: 60 | D12: FHNS (60 min - Ankit + Bipasha) | E12: =E11+C12 | F12: =870-E12 | G12: =E12/870 | H12: =IF(G12>=1, "100.0% (Package Over)", TEXT(MIN(G12*100, 99.9), "0.0") & "%")
A13: 9 | B13: 18/08/2026 | C13: 60 | D13: FHNS (60 min - Pinky) | E13: =E12+C13 | F13: =870-E13 | G13: =E13/870 | H13: =IF(G13>=1, "100.0% (Package Over)", TEXT(MIN(G13*100, 99.9), "0.0") & "%")
A14: 10 | B14: 22/08/2026 | C14: 60 | D14: FHNS (60 min - Riya) | E14: =E13+C14 | F14: =870-E14 | G14: =E14/870 | H14: =IF(G14>=1, "100.0% (Package Over)", TEXT(MIN(G14*100, 99.9), "0.0") & "%")

Sheet Rakhi_Senapati
A1: CLIENT SESSION TRACKER: MRS. RAKHI SENAPATI
A2: Start Date: 17/10/2025 | Package Details: Paid 5k for 10 Sessions (600 Mins) | Total Package Capacity: 600 Mins
A4: Session No. | B4: Session Date | C4: Duration (Mins/Value) | D4: Therapist / Details | E4: Cumulative Usage | F4: Remaining Balance | G4: % Package Consumed | H4: Prob. Package Over Date
A5: 1 | B5: 17/10/2025 | C5: 60 | D5: Pedicure (Soma) | E5: =C5 | F5: =600-E5 | G5: =E5/600 | H5: =IF(G5>=1, "100.0% (Package Over)", TEXT(MIN(G5*100, 99.9), "0.0") & "%")
A6: 2 | B6: 27/10/2025 | C6: 60 | D6: Foot (Ritvika) | E6: =E5+C6 | F6: =600-E6 | G6: =E6/600 | H6: =IF(G6>=1, "100.0% (Package Over)", TEXT(MIN(G6*100, 99.9), "0.0") & "%")

Sheet Monali_Sengupta
A1: CLIENT SESSION TRACKER: MRS. MONALI SENGUPTA (9163526861)
A2: Start Date: 19/10/2025 | Package Details: Paid 5k for 7 hrs (420 Mins) | Phone: 9163526861 | Total Package Capacity: 420 Mins
A4: Session No. | B4: Session Date | C4: Duration (Mins/Value) | D4: Therapist / Details | E4: Cumulative Usage | F4: Remaining Balance | G4: % Package Consumed | H4: Prob. Package Over Date
A5: 1 | B5: 19/10/2025 | C5: 60 | D5: Soma (60 min - 1990) | E5: =C5 | F5: =420-E5 | G5: =E5/420 | H5: =IF(G5>=1, "100.0% (Package Over)", TEXT(MIN(G5*100, 99.9), "0.0") & "%")
A6: 2 | B6: 19/10/2025 | C6: 60 | D6: Ritvika | E6: =E5+C6 | F6: =420-E6 | G6: =E6/420 | H6: =IF(G6>=1, "100.0% (Package Over)", TEXT(MIN(G6*100, 99.9), "0.0") & "%")
A7: 3 | B7: 25/11/2025 | C7: 60 | D7: Ritvika | E7: =E6+C7 | F7: =420-E7 | G7: =E7/420 | H7: =IF(G7>=1, "100.0% (Package Over)", TEXT(MIN(G7*100, 99.9), "0.0") & "%")
A8: 4 | B8: 25/11/2025 | C8: 60 | D8: Soma | E8: =E7+C8 | F8: =420-E8 | G8: =E8/420 | H8: =IF(G8>=1, "100.0% (Package Over)", TEXT(MIN(G8*100, 99.9), "0.0") & "%")
A9: 5 | B9: 06/01/2026 | C9: 60 | D9: Riya (60 min Deluxe Pedicure - 650) | E9: =E8+C9 | F9: =420-E9 | G9: =E9/420 | H9: =IF(G9>=1, "100.0% (Package Over)", TEXT(MIN(G9*100, 99.9), "0.0") & "%")
A10: 6 | B10: 20/01/2026 | C10: 60 | D10: Foot Therapy (Soma - 950) | E10: =E9+C10 | F10: =420-E10 | G10: =E10/420 | H10: =IF(G10>=1, "100.0% (Package Over)", TEXT(MIN(G10*100, 99.9), "0.0") & "%")
A11: 7 | B11: 18/08/2026 | C11: 60 | D11: Foot Therapy (60 min - 950, Paying 1600 - 650 left) | E11: =E10+C11 | F11: =420-E11 | G11: =E11/420 | H11: =IF(G11>=1, "100.0% (Package Over)", TEXT(MIN(G11*100, 99.9), "0.0") & "%")

Sheet Subhabrata_Roy
A1: CLIENT SESSION TRACKER: MR. SUBHABRATA ROY
A2: Start Date: 13/03/2026 | Package Details: Paid 20k for 30 hrs (1800 Mins) | Total Package Capacity: 1800 Mins
A4: Session No. | B4: Session Date | C4: Duration (Mins/Value) | D4: Therapist / Details | E4: Cumulative Usage | F4: Remaining Balance | G4: % Package Consumed | H4: Prob. Package Over Date
A5: 1 | B5: 13/03/2026 | C5: 60 | D5: Foot (Shei) | E5: =C5 | F5: =1800-E5 | G5: =E5/1800 | H5: =IF(G5>=1, "100.0% (Package Over)", TEXT(MIN(G5*100, 99.9), "0.0") & "%")
A6: 2 | B6: 13/03/2026 | C6: 60 | D6: FHNS (Daliya) | E6: =E5+C6 | F6: =1800-E6 | G6: =E6/1800 | H6: =IF(G6>=1, "100.0% (Package Over)", TEXT(MIN(G6*100, 99.9), "0.0") & "%")
A7: 3 | B7: 24/03/2026 | C7: 120 | D7: FHNS (Soma) | E7: =E6+C7 | F7: =1800-E7 | G7: =E7/1800 | H7: =IF(G7>=1, "100.0% (Package Over)", TEXT(MIN(G7*100, 99.9), "0.0") & "%")
A8: 4 | B8: 09/04/2026 | C8: 120 | D8: FHNS (Isha) | E8: =E7+C8 | F8: =1800-E8 | G8: =E8/1800 | H8: =IF(G8>=1, "100.0% (Package Over)", TEXT(MIN(G8*100, 99.9), "0.0") & "%")
A9: 5 | B9: 30/04/2026 | C9: 120 | D9: FHNS (Isha) | E9: =E8+C9 | F9: =1800-E9 | G9: =E9/1800 | H9: =IF(G9>=1, "100.0% (Package Over)", TEXT(MIN(G9*100, 99.9), "0.0") & "%")
A10: 6 | B10: 15/05/2026 | C10: 90 | D10: FHNS (Riya) | E10: =E9+C10 | F10: =1800-E10 | G10: =E10/1800 | H10: =IF(G10>=1, "100.0% (Package Over)", TEXT(MIN(G10*100, 99.9), "0.0") & "%")
A11: 7 | B11: 10/06/2026 | C11: 90 | D11: FHNS (Bipasha) | E11: =E10+C11 | F11: =1800-E11 | G11: =E11/1800 | H11: =IF(G11>=1, "100.0% (Package Over)", TEXT(MIN(G11*100, 99.9), "0.0") & "%")
A12: 8 | B12: 22/06/2026 | C12: 90 | D12: FHNS (Bipasha) | E12: =E11+C12 | F12: =1800-E12 | G12: =E12/1800 | H12: =IF(G12>=1, "100.0% (Package Over)", TEXT(MIN(G12*100, 99.9), "0.0") & "%")
A13: 9 | B13: 30/06/2026 | C13: 120 | D13: FHNS (Bipasha) | E13: =E12+C13 | F13: =1800-E13 | G13: =E13/1800 | H13: =IF(G13>=1, "100.0% (Package Over)", TEXT(MIN(G13*100, 99.9), "0.0") & "%")
A14: 10 | B14: 09/07/2026 | C14: 90 | D14: FHNS (Puja) | E14: =E13+C14 | F14: =1800-E14 | G14: =E14/1800 | H14: =IF(G14>=1, "100.0% (Package Over)", TEXT(MIN(G14*100, 99.9), "0.0") & "%")
A15: 11 | B15: 21/07/2026 | C15: 90 | D15: FHNS (Puja) | E15: =E14+C15 | F15: =1800-E15 | G15: =E15/1800 | H15: =IF(G15>=1, "100.0% (Package Over)", TEXT(MIN(G15*100, 99.9), "0.0") & "%")
A16: 12 | B16: 21/07/2026 | C16: 120 | D16: FHNS (Ankit) | E16: =E15+C16 | F16: =1800-E16 | G16: =E16/1800 | H16: =IF(G16>=1, "100.0% (Package Over)", TEXT(MIN(G16*100, 99.9), "0.0") & "%")
A17: 13 | B17: 21/08/2026 | C17: 90 | D17: FHNS (Pinky) | E17: =E16+C17 | F17: =1800-E17 | G17: =E17/1800 | H17: =IF(G17>=1, "100.0% (Package Over)", TEXT(MIN(G17*100, 99.9), "0.0") & "%")

Sheet Palas_Sarkar
A1: CLIENT SESSION TRACKER: MR. PALAS SARKAR
A2: Start Date: 21/10/2025 | Package Details: Total 5k for 10 hrs (600 Mins) | Paid 1950, Due 3050 Paid | Total Package Capacity: 600 Mins
A4: Session No. | B4: Session Date | C4: Duration (Mins/Value) | D4: Therapist / Details | E4: Cumulative Usage | F4: Remaining Balance | G4: % Package Consumed | H4: Prob. Package Over Date
A5: 1 | B5: 21/10/2025 | C5: 60 | D5: Ritvika (Sarkar) | E5: =C5 | F5: =600-E5 | G5: =E5/600 | H5: =IF(G5>=1, "100.0% (Package Over)", TEXT(MIN(G5*100, 99.9), "0.0") & "%")
A6: 2 | B6: 27/10/2025 | C6: 60 | D6: Sneha (Sarkar) | E6: =E5+C6 | F6: =600-E6 | G6: =E6/600 | H6: =IF(G6>=1, "100.0% (Package Over)", TEXT(MIN(G6*100, 99.9), "0.0") & "%")
A7: 3 | B7: 02/11/2025 | C7: 30 | D7: Ritika (Sarkar) | E7: =E6+C7 | F7: =600-E7 | G7: =E7/600 | H7: =IF(G7>=1, "100.0% (Package Over)", TEXT(MIN(G7*100, 99.9), "0.0") & "%")
A8: 4 | B8: 17/11/2025 | C8: 60 | D8: Ritika (Sarkar) | E8: =E7+C8 | F8: =600-E8 | G8: =E8/600 | H8: =IF(G8>=1, "100.0% (Package Over)", TEXT(MIN(G8*100, 99.9), "0.0") & "%")
A9: 5 | B9: 25/11/2025 | C9: 60 | D9: Soma (Sarkar) | E9: =E8+C9 | F9: =600-E9 | G9: =E9/600 | H9: =IF(G9>=1, "100.0% (Package Over)", TEXT(MIN(G9*100, 99.9), "0.0") & "%")
A10: 6 | B10: 14/12/2025 | C10: 60 | D10: Ritika (Sarkar) | E10: =E9+C10 | F10: =600-E10 | G10: =E10/600 | H10: =IF(G10>=1, "100.0% (Package Over)", TEXT(MIN(G10*100, 99.9), "0.0") & "%")
A11: 7 | B11: 28/12/2025 | C11: 60 | D11: Ritika (Sarkar) | E11: =E10+C11 | F11: =600-E11 | G11: =E11/600 | H11: =IF(G11>=1, "100.0% (Package Over)", TEXT(MIN(G11*100, 99.9), "0.0") & "%")
A12: 8 | B12: 04/01/2026 | C12: 60 | D12: Sneha (Sarkar) | E12: =E11+C12 | F12: =600-E12 | G12: =E12/600 | H12: =IF(G12>=1, "100.0% (Package Over)", TEXT(MIN(G12*100, 99.9), "0.0") & "%")
A13: 9 | B13: 04/02/2026 | C13: 60 | D13: Shilam (Sarkar) | E13: =E12+C13 | F13: =600-E13 | G13: =E13/600 | H13: =IF(G13>=1, "100.0% (Package Over)", TEXT(MIN(G13*100, 99.9), "0.0") & "%")
A14: 10 | B14: 01/08/2026 | C14: 30 | D14: Shilam (Sarkar) | E14: =E13+C14 | F14: =600-E14 | G14: =E14/600 | H14: =IF(G14>=1, "100.0% (Package Over)", TEXT(MIN(G14*100, 99.9), "0.0") & "%")
